[
    {
        "status": "success",
        "experiment_id": "5A_comparison_nuclei_1_scaled_0_5",
        "unit": "5A_morphology_focus.ome_scaled_0_5.tif",
        "mask_path": "/content/drive/MyDrive/Github/PYcellsegmentation/results/5A_comparison_nuclei_1_scaled_0_5/5A_morphology_focus.ome_scaled_0_5_mask.tif",
        "summary_path": "/content/drive/MyDrive/Github/PYcellsegmentation/results/5A_comparison_nuclei_1_scaled_0_5/5A_morphology_focus.ome_scaled_0_5_segmentation_summary.json",
        "duration_seconds": 601.6359837055206
    },
    {
        "status": "success",
        "experiment_id": "5A_comparison_nuclei_2_scaled_0_5",
        "unit": "5A_morphology_focus.ome_scaled_0_5.tif",
        "mask_path": "/content/drive/MyDrive/Github/PYcellsegmentation/results/5A_comparison_nuclei_2_scaled_0_5/5A_morphology_focus.ome_scaled_0_5_mask.tif",
        "summary_path": "/content/drive/MyDrive/Github/PYcellsegmentation/results/5A_comparison_nuclei_2_scaled_0_5/5A_morphology_focus.ome_scaled_0_5_segmentation_summary.json",
        "duration_seconds": 1044.3979177474976
    },
    {
        "status": "success",
        "experiment_id": "5A_comparison_nuclei_3_scaled_0_5",
        "unit": "5A_morphology_focus.ome_scaled_0_5.tif",
        "mask_path": "/content/drive/MyDrive/Github/PYcellsegmentation/results/5A_comparison_nuclei_3_scaled_0_5/5A_morphology_focus.ome_scaled_0_5_mask.tif",
        "summary_path": "/content/drive/MyDrive/Github/PYcellsegmentation/results/5A_comparison_nuclei_3_scaled_0_5/5A_morphology_focus.ome_scaled_0_5_segmentation_summary.json",
        "duration_seconds": 2331.7066264152527
    }
]