{
    "experiment_id": "5A_comparison_cyto3_scaled_0_5",
    "source_image_unit": "5A_morphology_focus.ome_scaled_0_5.tif",
    "image_path_processed": "images/rescaled_cache/5A/5A_morphology_focus.ome_scaled_0_5.tif",
    "mask_output_path": "/content/PYcellsegmentation/results/5A_comparison_cyto3_scaled_0_5/5A_morphology_focus.ome_scaled_0_5_mask.tif",
    "cellpose_model": "cyto3",
    "input_diameter_arg": 30,
    "diameter_used_for_eval": 15,
    "params_used": {
        "flow_threshold": null,
        "cellprob_threshold": 0.0,
        "min_size": 15,
        "channels": [
            0,
            0
        ],
        "USE_GPU": true,
        "FORCE_GRAYSCALE": true
    },
    "job_params_received": {
        "MODEL_CHOICE": "cyto3",
        "DIAMETER": 30,
        "MIN_SIZE": 15,
        "CELLPROB_THRESHOLD": 0.0,
        "FORCE_GRAYSCALE": true,
        "actual_image_path_to_process": "images/rescaled_cache/5A/5A_morphology_focus.ome_scaled_0_5.tif",
        "processing_unit_name": "5A_morphology_focus.ome_scaled_0_5.tif",
        "original_image_id_for_log": "5A",
        "original_image_filename_for_log": "data/raw/images/sample_5/5A_morphology_focus.ome.tif",
        "param_set_id_for_log": "comparison_cyto3",
        "scale_factor_applied_for_log": 0.5,
        "is_tile_for_log": false,
        "DIAMETER_FOR_CELLPOSE": 15,
        "experiment_id_final": "5A_comparison_cyto3_scaled_0_5",
        "USE_GPU": true,
        "segmentation_step_should_run": true,
        "mpp_x_original_for_log": 0.2125,
        "mpp_y_original_for_log": 0.2125
    }
}