{
    "experiment_id": "5B_comparisons_45_comparison_cyto2_45_scaled_0_25",
    "source_image_unit": "5B_morphology_focus.ome_scaled_0_25.tif",
    "image_path_processed": "images/rescaled_cache/5B_comparisons_45/5B_morphology_focus.ome_scaled_0_25.tif",
    "mask_output_path": "/content/drive/MyDrive/Github/PYcellsegmentation/results/5B_comparisons_45_comparison_cyto2_45_scaled_0_25/5B_morphology_focus.ome_scaled_0_25_mask.tif",
    "cellpose_model": "cyto2",
    "input_diameter_arg": 45,
    "diameter_used_for_eval": 11,
    "params_used": {
        "flow_threshold": null,
        "cellprob_threshold": 0.0,
        "min_size": 15,
        "channels": [
            0,
            0
        ],
        "USE_GPU": true,
        "FORCE_GRAYSCALE": true
    },
    "job_params_received": {
        "MODEL_CHOICE": "cyto2",
        "DIAMETER": 45,
        "MIN_SIZE": 15,
        "CELLPROB_THRESHOLD": 0.0,
        "FORCE_GRAYSCALE": true,
        "actual_image_path_to_process": "images/rescaled_cache/5B_comparisons_45/5B_morphology_focus.ome_scaled_0_25.tif",
        "processing_unit_name": "5B_morphology_focus.ome_scaled_0_25.tif",
        "original_image_id_for_log": "5B_comparisons_45",
        "original_image_filename_for_log": "data/raw/images/sample_5/5B_morphology_focus.ome.tif",
        "param_set_id_for_log": "comparison_cyto2_45",
        "scale_factor_applied_for_log": 0.25,
        "is_tile_for_log": false,
        "DIAMETER_FOR_CELLPOSE": 11,
        "experiment_id_final": "5B_comparisons_45_comparison_cyto2_45_scaled_0_25",
        "USE_GPU": true,
        "segmentation_step_should_run": true,
        "mpp_x_original_for_log": 0.2125,
        "mpp_y_original_for_log": 0.2125
    }
}