[
    {
        "status": "success",
        "experiment_id": "5A_comparisons_45_comparison_nuclei_45_scaled_0_25",
        "unit": "5A_morphology_focus.ome_scaled_0_25.tif",
        "mask_path": "/content/drive/MyDrive/Github/PYcellsegmentation/results/5A_comparisons_45_comparison_nuclei_45_scaled_0_25/5A_morphology_focus.ome_scaled_0_25_mask.tif",
        "summary_path": "/content/drive/MyDrive/Github/PYcellsegmentation/results/5A_comparisons_45_comparison_nuclei_45_scaled_0_25/5A_morphology_focus.ome_scaled_0_25_segmentation_summary.json",
        "duration_seconds": 424.2762863636017
    },
    {
        "status": "success",
        "experiment_id": "5A_comparisons_45_comparison_cyto2_45_scaled_0_25",
        "unit": "5A_morphology_focus.ome_scaled_0_25.tif",
        "mask_path": "/content/drive/MyDrive/Github/PYcellsegmentation/results/5A_comparisons_45_comparison_cyto2_45_scaled_0_25/5A_morphology_focus.ome_scaled_0_25_mask.tif",
        "summary_path": "/content/drive/MyDrive/Github/PYcellsegmentation/results/5A_comparisons_45_comparison_cyto2_45_scaled_0_25/5A_morphology_focus.ome_scaled_0_25_segmentation_summary.json",
        "duration_seconds": 429.09734082221985
    },
    {
        "status": "success",
        "experiment_id": "5A_comparisons_45_comparison_cyto3_45_scaled_0_25",
        "unit": "5A_morphology_focus.ome_scaled_0_25.tif",
        "mask_path": "/content/drive/MyDrive/Github/PYcellsegmentation/results/5A_comparisons_45_comparison_cyto3_45_scaled_0_25/5A_morphology_focus.ome_scaled_0_25_mask.tif",
        "summary_path": "/content/drive/MyDrive/Github/PYcellsegmentation/results/5A_comparisons_45_comparison_cyto3_45_scaled_0_25/5A_morphology_focus.ome_scaled_0_25_segmentation_summary.json",
        "duration_seconds": 427.3501124382019
    },
    {
        "status": "success",
        "experiment_id": "5B_comparisons_45_comparison_nuclei_45_scaled_0_25",
        "unit": "5B_morphology_focus.ome_scaled_0_25.tif",
        "mask_path": "/content/drive/MyDrive/Github/PYcellsegmentation/results/5B_comparisons_45_comparison_nuclei_45_scaled_0_25/5B_morphology_focus.ome_scaled_0_25_mask.tif",
        "summary_path": "/content/drive/MyDrive/Github/PYcellsegmentation/results/5B_comparisons_45_comparison_nuclei_45_scaled_0_25/5B_morphology_focus.ome_scaled_0_25_segmentation_summary.json",
        "duration_seconds": 429.2722246646881
    },
    {
        "status": "success",
        "experiment_id": "5B_comparisons_45_comparison_cyto2_45_scaled_0_25",
        "unit": "5B_morphology_focus.ome_scaled_0_25.tif",
        "mask_path": "/content/drive/MyDrive/Github/PYcellsegmentation/results/5B_comparisons_45_comparison_cyto2_45_scaled_0_25/5B_morphology_focus.ome_scaled_0_25_mask.tif",
        "summary_path": "/content/drive/MyDrive/Github/PYcellsegmentation/results/5B_comparisons_45_comparison_cyto2_45_scaled_0_25/5B_morphology_focus.ome_scaled_0_25_segmentation_summary.json",
        "duration_seconds": 428.0263235569
    },
    {
        "status": "success",
        "experiment_id": "5B_comparisons_45_comparison_cyto3_45_scaled_0_25",
        "unit": "5B_morphology_focus.ome_scaled_0_25.tif",
        "mask_path": "/content/drive/MyDrive/Github/PYcellsegmentation/results/5B_comparisons_45_comparison_cyto3_45_scaled_0_25/5B_morphology_focus.ome_scaled_0_25_mask.tif",
        "summary_path": "/content/drive/MyDrive/Github/PYcellsegmentation/results/5B_comparisons_45_comparison_cyto3_45_scaled_0_25/5B_morphology_focus.ome_scaled_0_25_segmentation_summary.json",
        "duration_seconds": 427.7151367664337
    },
    {
        "status": "success",
        "experiment_id": "5C_comparisons_45_comparison_nuclei_45_scaled_0_25",
        "unit": "5C_morphology_focus.ome_scaled_0_25.tif",
        "mask_path": "/content/drive/MyDrive/Github/PYcellsegmentation/results/5C_comparisons_45_comparison_nuclei_45_scaled_0_25/5C_morphology_focus.ome_scaled_0_25_mask.tif",
        "summary_path": "/content/drive/MyDrive/Github/PYcellsegmentation/results/5C_comparisons_45_comparison_nuclei_45_scaled_0_25/5C_morphology_focus.ome_scaled_0_25_segmentation_summary.json",
        "duration_seconds": 427.2313086986542
    },
    {
        "status": "success",
        "experiment_id": "5C_comparisons_45_comparison_cyto2_45_scaled_0_25",
        "unit": "5C_morphology_focus.ome_scaled_0_25.tif",
        "mask_path": "/content/drive/MyDrive/Github/PYcellsegmentation/results/5C_comparisons_45_comparison_cyto2_45_scaled_0_25/5C_morphology_focus.ome_scaled_0_25_mask.tif",
        "summary_path": "/content/drive/MyDrive/Github/PYcellsegmentation/results/5C_comparisons_45_comparison_cyto2_45_scaled_0_25/5C_morphology_focus.ome_scaled_0_25_segmentation_summary.json",
        "duration_seconds": 427.77995324134827
    },
    {
        "status": "success",
        "experiment_id": "5C_comparisons_45_comparison_cyto3_45_scaled_0_25",
        "unit": "5C_morphology_focus.ome_scaled_0_25.tif",
        "mask_path": "/content/drive/MyDrive/Github/PYcellsegmentation/results/5C_comparisons_45_comparison_cyto3_45_scaled_0_25/5C_morphology_focus.ome_scaled_0_25_mask.tif",
        "summary_path": "/content/drive/MyDrive/Github/PYcellsegmentation/results/5C_comparisons_45_comparison_cyto3_45_scaled_0_25/5C_morphology_focus.ome_scaled_0_25_segmentation_summary.json",
        "duration_seconds": 427.5913681983948
    }
]