{
    "experiment_id": "5C_Cellpose_DefaultDiam_scaled_0_25",
    "source_image_unit": "5C_morphology_focus.ome_scaled_0_25.tif",
    "image_path_processed": "images/rescaled_cache/5C/5C_morphology_focus.ome_scaled_0_25.tif",
    "mask_output_path": "/content/PYcellsegmentation/results/5C_Cellpose_DefaultDiam_scaled_0_25/5C_morphology_focus.ome_scaled_0_25_mask.tif",
    "cellpose_model": "cyto3",
    "input_diameter_arg": null,
    "params_used": {
        "flow_threshold": null,
        "cellprob_threshold": 0.0,
        "min_size": 15,
        "channels": [
            0,
            0
        ],
        "USE_GPU": true,
        "FORCE_GRAYSCALE": true
    },
    "job_params_received": {
        "MODEL_CHOICE": "cyto3",
        "DIAMETER": null,
        "MIN_SIZE": 15,
        "CELLPROB_THRESHOLD": 0.0,
        "FORCE_GRAYSCALE": true,
        "USE_GPU": true,
        "actual_image_path_to_process": "images/rescaled_cache/5C/5C_morphology_focus.ome_scaled_0_25.tif",
        "processing_unit_name": "5C_morphology_focus.ome_scaled_0_25.tif",
        "original_image_id_for_log": "5C",
        "original_image_filename_for_log": "data/raw/images/sample_5/5C_morphology_focus.ome.tif",
        "param_set_id_for_log": "Cellpose_DefaultDiam",
        "scale_factor_applied_for_log": 0.25,
        "is_tile_for_log": false,
        "DIAMETER_FOR_CELLPOSE": null,
        "experiment_id_final": "5C_Cellpose_DefaultDiam_scaled_0_25",
        "segmentation_skipped": false,
        "mpp_x_original_for_log": 0.2125,
        "mpp_y_original_for_log": 0.2125
    }
}