[
    {
        "status": "success",
        "experiment_id": "5A_comparison_cyto2_scaled_0_5",
        "unit": "5A_morphology_focus.ome_scaled_0_5.tif",
        "mask_path": "/content/PYcellsegmentation/results/5A_comparison_cyto2_scaled_0_5/5A_morphology_focus.ome_scaled_0_5_mask.tif",
        "summary_path": "/content/PYcellsegmentation/results/5A_comparison_cyto2_scaled_0_5/5A_morphology_focus.ome_scaled_0_5_segmentation_summary.json",
        "duration_seconds": 977.7677636146545
    },
    {
        "status": "success",
        "experiment_id": "5A_comparison_cyto3_scaled_0_5",
        "unit": "5A_morphology_focus.ome_scaled_0_5.tif",
        "mask_path": "/content/PYcellsegmentation/results/5A_comparison_cyto3_scaled_0_5/5A_morphology_focus.ome_scaled_0_5_mask.tif",
        "summary_path": "/content/PYcellsegmentation/results/5A_comparison_cyto3_scaled_0_5/5A_morphology_focus.ome_scaled_0_5_segmentation_summary.json",
        "duration_seconds": 977.9319591522217
    },
    {
        "status": "success",
        "experiment_id": "5A_comparison_nuclei_scaled_0_5",
        "unit": "5A_morphology_focus.ome_scaled_0_5.tif",
        "mask_path": "/content/PYcellsegmentation/results/5A_comparison_nuclei_scaled_0_5/5A_morphology_focus.ome_scaled_0_5_mask.tif",
        "summary_path": "/content/PYcellsegmentation/results/5A_comparison_nuclei_scaled_0_5/5A_morphology_focus.ome_scaled_0_5_segmentation_summary.json",
        "duration_seconds": 252.88469243049622
    }
]