[
    {
        "status": "success",
        "experiment_id": "5A_Cellpose_DefaultDiam_scaled_0_5",
        "unit": "5A_morphology_focus.ome_scaled_0_5.tif",
        "mask_path": "/content/PYcellsegmentation/results/5A_Cellpose_DefaultDiam_scaled_0_5/5A_morphology_focus.ome_scaled_0_5_mask.tif",
        "summary_path": "/content/PYcellsegmentation/results/5A_Cellpose_DefaultDiam_scaled_0_5/5A_morphology_focus.ome_scaled_0_5_segmentation_summary.json",
        "duration_seconds": 497.8211374282837
    },
    {
        "status": "success",
        "experiment_id": "5B_Cellpose_DefaultDiam_scaled_0_5",
        "unit": "5B_morphology_focus.ome_scaled_0_5.tif",
        "mask_path": "/content/PYcellsegmentation/results/5B_Cellpose_DefaultDiam_scaled_0_5/5B_morphology_focus.ome_scaled_0_5_mask.tif",
        "summary_path": "/content/PYcellsegmentation/results/5B_Cellpose_DefaultDiam_scaled_0_5/5B_morphology_focus.ome_scaled_0_5_segmentation_summary.json",
        "duration_seconds": 497.9920914173126
    },
    {
        "status": "success",
        "experiment_id": "5C_Cellpose_DefaultDiam_scaled_0_5",
        "unit": "5C_morphology_focus.ome_scaled_0_5.tif",
        "mask_path": "/content/PYcellsegmentation/results/5C_Cellpose_DefaultDiam_scaled_0_5/5C_morphology_focus.ome_scaled_0_5_mask.tif",
        "summary_path": "/content/PYcellsegmentation/results/5C_Cellpose_DefaultDiam_scaled_0_5/5C_morphology_focus.ome_scaled_0_5_segmentation_summary.json",
        "duration_seconds": 241.5858495235443
    }
]